{"n_range": [3, 4, 5, 6, 7, 8, 9, 10], "scores": [0.44937395628128707, 0.4683699927026711, 0.44147570871442543, 0.465366081537917, 0.46580008993106653, 0.4461348926731686, 0.4418184144586533, 0.45112836344182555], "best_n": 4}